"item","prompt"
"winogrande.375","Being romantic came naturally to Craig but not Michael because Michael did not love his wife very much.

Emily was thrown out of the court for the lawsuit against Carrie because Carrie was the only one in acting calmly.

The skin was darker on Barry's arms than his legs because the arms were always exposed.

The work that Jeffrey had to do was worse than that of Nick, because Jeffrey work was intense.

When Jessica started getting hair loss, Amy laughed, so mother gave Amy a scolding look.

Mike wanted to make the picture with the Photoshop software instead of  the Paintshop software because the Photoshop software"
"winogrande.241","The fine lines on Christine's face weren't very noticeable, but she still went to see her plastic surgeon Maria. Maria conducted a procedure to reduce the fine lines.

Monica wanted her daughter to stop playing guitar and switch to piano. She thought the guitar was classless.

Samuel realized that Craig's fruit was starting to decay, because Samuel could smell the rot.

Bad posture causes the shoulders to round and the hips to arch. The hips do this because the thoracic spine is curved backward.

Katrina really liked working at her company and Jessica needed a job, so Jessica impressed in an interview.

Mary felt a great deal of guilt for stealing various items from Rachel so Rachel"
"winogrande.731","Joseph wanted to finalize the separation from Christopher, because Christopher was constantly dragging it out.

On Sunday, Leroy began to pour orange juice from the barrel into the flask, but the flask was too tiny to fit.

Carrie was busy planning the wedding and honeymoon as Samantha was sleeping, as Carrie was excited.

Relationships are a thing of the past for Christine but not Monica because Christine was her own woman.

Victoria could throw a bean bag further than Amy because Amy didn't work out and had a weak arm.

The lease in the city was more than the lease in the country because the value of the property in the city"
"winogrande.193","Joe never heard any responses on the phone about the school meeting. And then the meeting halted.

Mike dumped the juice out of the baby bottle and filled it with milk, because the milk was fresher.

Justin has never welded a thing in their life, but Neil does it every day. Neil works in construction.

Because Rachel lost the spelling bee and Samantha beat him, Rachel was jealous of the winner's trophy.

Randy was learning law from Steven because Randy wanted to become a new police officer.

Kelly was embarrassed when his toga fell off at the party and people saw his underwear because the underwear"
"winogrande.473","The hairdresser used a comb on her client instead of a brush because the brush was thick-bristled.

I made pancakes and coffee for breakfast but only had the pancakes because I was feeling alert already.

Emily is teaching Victoria how to troubleshoot internet issues for customers so Emily is demonstrating.

Christine knew how to plant a crop better than Carrie , so Christine stayed in the field.

He stayed in the living room while sick, and avoided the bedroom, because the bedroom was farthest from the bathroom.

Ann's babies were crying, and she could give them a bottle or a rattle.  She tried the rattle"
"winogrande.1230","Aaron accepted from William a wool blanket since it was cold outside. William was a good friend.

Shopping is something that Kyle loves to do but not William, consequently Kyle can spend hours at the mall with great joy.

Since Kayla had an interest in biotechnology, her school counselor Emily recommended she major in biology in college. Kayla applied to several colleges with good biology programs.

Matthew used the blender in the kitchen a lot more often than Joel because Matthew loved drinking smoothies.

The boy  had more swag in his sneakers than his loafers because he felt confident in the sneakers .

More people attended the funeral of Joel than of Derrick because Derrick"
"winogrande.1055","Jane put wallpaper over the faux-finish of the paint in her bathroom. The wallpaper was modern.

Logan only spent an hour a week practicing yoga while Neil was a yoga instructor despite that Logan was more flexible.

Elena had a lot of skills in the bedroom but Felicia had few skills. Elena was able to satisfy all their lovers.

Erin asked Angela how to treat their wound to avoid an infection as Angela is an expert of medical stuff.

The fire burned down the house of Randy but not Aaron because Aaron lives in the middle of a lake.

Brian taught Michael how to feed a rabbit greens because Brian"
"winogrande.384","The customer bought the chair instead of the stool because the stool was very stained.

Brian asked Adam to do all that he could to increase his engine's horsepower. Brian was his customer.

When it was her time to choose, the little girl went with the candy over the popsicle as she was allergic to it. The candy was enticing.

Mary wanted to buy a house from Natalie, but Natalie wanted more than market value.

Fran took the alleyway to her home instead of the sidewalk, because using the alleyway made it a shorter distance.

William went on the ride more than Matthew did because Matthew"
"winogrande.752","The award motivated Carrie to win more than it did Erin, none the less Erin was victorious.

Christine got help from Kayla using a lockpick when Christine was locked out of her apartment.

Angela had bad cramps during her period every month, so her mother Katrina offered her chamomile tea to help. Angela drank the tea and hoped it would help.

The woman quicly found the gloves in the cabinet, but couldn't find the hats in the closet, because the closet was disorganized.

David finished his pasta while Mark couldn't finish his lasagna, because the pasta portion was smaller.

I got more use in the gym than at the playground because the gym"
"winogrande.25","Allison likes to tell jokes during her lectures, and the students like it because the jokes are funny.

Craig had more money than Nelson because Nelson had been saving for a lot less time.

After supper, Jacob washed the pasta pot and put it in the dish drainer with the frying pan. The pan was cold after cooking beef.

Emily knew the law very well but Rachel did not know it well. Rachel lost their case in court.

Aaron spent more time with their pet than Ryan because Aaron was at home all day.

Carrie kept written records of their expenses but not Laura because Carrie"
"winogrande.41","William enjoys watching movies, Robert enjoys reading books more. William would like to go see the new movie.

The students were educated through watching the video but not reading the book because the video was understandable.

Dora wanted to take an accounting class instead of a psychology class because the psychology class was more expensive.

Stewart preferred taking a bus over a cab because the bus was far less expensive.

Controlling the remote control car was out of Mike's capabilities, but he can pilot the toy plane. The toy plane is easier to maneuver.

Lawrence volunteered to donate blood to help others, but Steven was unable to, since Lawrence"
"winogrande.1097","Joseph listened to Nelson talk on and on about his washboard abs.  Joseph was jealous.

The new baby crib Bill purchased would not fit through his front doorway. The doorway was too narrow.

I grilled the steak for too long, but not the chicken breast so the steak ended up dry.

Katrina loved so much watching Megan grow up to be an adult because Katrina was their father.

Aftershave is something Christopher likes and Eric hates because Christopher likes the burn of it.

Donald was chosen to be a model while Dennis was passed over, because Donald"
"winogrande.348","The employee was disappointed that her workplace didn't acknowledge her ten year anniversary, because the anniversary was significant.

Teaching computer skills was fun for Jeffrey but frustrating for Nelson, since Jeffrey was very good at explaining new things to students.

Jane loved to buy expensive perfumes instead of luxurious candles because the candles were dull.

During artifact finding, the stained glass was telling unlike the wall since the wall was dirty.

Laura spent the entire day cleaning up after Christine because Christine is a messy individual.

The game on television was very important for Ian but not Dennis because Dennis"
"winogrande.874","The house was built out of bricks instead of logs because bricks provided for a sturdier foundation.

The police wanted to talk to Angela and not Jennifer in regards to the murder because Jennifer was away from the scene.

She changed her university course from mathematics to history, because the history course is more simple.

Randy did not approve of the treatment given to Christopher, so Christopher received a new regiment.

I gave my son a peanut butter sandwich instead of nutella as the nutella is sweeter and unhealthier.

Rebecca thought Disney movies were the best thing to watch but Samantha like horror movies better. Samantha"
"winogrande.469","Roof work suited Tanya but not Natalie because Natalie hated hard manual labor and the sun.

Randy had never crashed their car in any way whereas Matthew had because Matthew was very reckless.

Kayla told Erin that she had drank nothing but cranberry juice for the past 2 days.  Erin was amazed.

Amy bought chocolate and cream. She mixed up the chocolate and the  cream and made a float.

Rachel has a smaller head than Katrina because Rachel was born with a smaller skull.

She wanted to sew a shirt from silk she bought and a jacket in denim from old jeans so the denim"
"winogrande.389","Laura learned more songs on the piano than Katrina although Katrina was more talented musically.

Neil wanted to visit Dennis in Florida but Neil couldn't afford to take a vacation right now.

Mike was hit by the gun at his foot then killed by the bat on his head, the effect of the bat was maximum.

Felicia has boots with zippers and Angela's boots don't have them, so Angela took of their boots with no hands.

The coach said that Amy could run faster than Patricia due to Amy extensive training.

Robert has no regret for punching Justin in the nose because Robert"
"winogrande.28","Victoria said it was important to be a good citizen but Mary said it didn't matter. Mary was less likely to vote in elections or pay attention to the news.

Alex preferred pure black coffee over latte, because the black coffee has stronger effect on him.

Tanya had a pain in their joint and Jessica massaged their leg, so Tanya had less pain afterwards.

Brett liked working for a big corporation but Neil preferred to work for a small business. Brett got a job at Ben & Jerry's Ice Cream.

My coaches exercises were much better than his coaches drills, because the exercises helped us improve.

Devin got sick after eating the sausage, so he laid on the couch and later moved to the bed because the bed"
"winogrande.1019","Natalie took much longer to wash their hair than Sarah because Natalie had longer hair.

Jen wanted either hot green tea or iced green tea. Since it was 100 degrees, she decided to choose the iced green tea as it was cooler.

Dennis fell and skinned his knees while playing with Joseph, so Dennis asked for a band-aid.

My meeting with Marina was at eight but my shuttle was coming at nine so the timing was tight. Luckily, the meeting started early.

Fashion was not Katrina 's strength, while Laura was an expert, so Laura told her which dress was right for the occasion.

April gets stressed when she goes waterskiing more than swimming. The swimming"
"winogrande.401","Patricia did not want help from Rebecca with her artwork, as Patricia knew how to paint.

The mother allowed the boy to use roller skates, but not skiis, because she felt the roller skates were safer.

I really enjoyed the mangos that I got from the store more than the pears, because the mangos were sweeter.

Monica was more likely to wear something with lace than Jennifer because Monica enjoyed looking feminine.

Eric had a worse sense of hearing than Benjamin because Eric had been around loud equipment for many years.

Amy recognized the man in the waiting room before Monica did, because Monica"
"winogrande.918","The plan was to have Lawrence be the guest speaker and not Christopher, however Lawrence was busy that day.

Jeffrey doesn't believe in using the microwave like Neil does because Neil is less health conscious.

At the construction site, only Kenneth can drive the bulldozer, not Brian. Kenneth has their license to do so.

The job was given to Laura and not to Jessica because Jessica had zero years of sales experience.

John hated his country far more than the world because the country had many bad people.

My mom always had training at the house, but not today because the house"
"winogrande.1173","Kenneth wants to make a marshmallow catapult and asks William if he wants to join him, because Kenneth would be bored alone.

Lindsey always enjoyed walking in the woods at night compared to Emily because Emily was fearful.

Eric felt very exposed after telling Nick their feelings, so Eric was anxious to hear their response.

The woman wore her hair in a braid instead of a ponytail, because she thought the ponytail was out of style.

The words from the script wouldn't fit on the pages, because the pages were way too short.

Patricia was called back for a second interview but not Victoria, as Victoria"
"winogrande.128","Randy gets to play Peter Pan in the play, but Michael does not, so Michael is sullen.

Donald bought Jason a saxophone because Donald wanted to give the gift of music to his daughter.

Matthew worked in a greenhouse while Samuel did not since Samuel did not have all of the right educational qualifications necessary to work there.

The ideas of Elena aren't as good as Erin's, although Erin is the less creative person.

Justin was not afraid to fight Leslie in the boxing ring, even though Justin was much smaller.

On Valentine's Day, Brian receives no flowers, but Kevin gets a lot. Kevin"
"winogrande.977","Patricia already had many years of experience with yoga, but Samantha was just a beginner. Patricia taught a yoga class.

Kristin found it easier to sell makeup kits door to door than she did perfumes. Women are more open to buying makeup kits from saleswomen.

It was harder to talk to each other in the club than at the party because the music was louder in the club .

Angela took and wore the leather Lindsey made for them, because Angela is a leather wearer.

William wants to file a lawsuit so he asks Aaron for help, because William knows nothing about law.

It is likely that Donald but not Jason would get the job promotion because Jason"
"winogrande.376","Bethany was shopping in the department store and got the dress but not the blouse because the dress was stylish.

Sarah preferred wearing contacts over glasses but not Mary because Mary had trouble touching an eye.

The brand new mattress didn't fit on the bed frame, because the frame was too short.

Emily voraciously tore into the rabbit meat whereas Angela couldn't even look at it since Emily was hungry.

Christopher was a better gymnast than Jeffrey was because Christopher was much more flexible and graceful.

Kayla was always thinner than Rachel because Rachel"
"winogrande.205","The bread that Maria made looks a lot prettier than the loaf Christine made because Christine barely decorated.

They were going shopping for hats instead of  going for socks because the hats were easier.

Kayla gave Rachel a boost up onto the roof, because Kayla wanted to be a helpful person.

Though they are twins, Jeffrey is much heavier than Jason, as Jason loves to exercise.

John wanted to to lift more weight with his muscles but the weight are too big.

Jason missed his work shift in order to finish his research paper, because the work shift"
"winogrande.147","Angela thought they were more beautiful than Amy because Angela had  longer eyelashes on their eyes.

The sales person tried to store the doughnuts in the display cases but the doughnuts were too big.

In depth mathematical problem-solving suited Kyle but not Kenneth because Kenneth did not have an analytical mind.

The service was better at the shop near my house than the treatment near my friends house because the service was amazing.

While on vacation, Lawrence asked Brett what kind of palm trees coconuts grown on, as Brett is an expert.

Sarah but not Erin would get a retirement pension because Sarah"
"winogrande.824","Nick thought role playing games were fun but Justin preferred shooter games. Nick bought a Final Fantasy game.

The muscle on the arm hurt less than the muscle on the leg because the arm had been warmed up.

The relationship could not be saved after the argument because the relationship was too casual.

Amy gave Christine's a diet coke because it is summer and Christine is feeling very hot and thirsty.

Megan got into more trouble than Mary got into because the friends of Mary were saints.

Kyle asked Brett for some tips on healthy eating because Brett"
"winogrande.1040","Bob preferred having granite walls instead of concrete walls, because the concrete walls were more utilitarian.

Steven made sure to eat dinner, but Derrick didn't have time, so as a result Steven got drunk at the party.

The lumberjack tried to put the wood in the shed but the wood was too large.

Erin fainted when there was blood to be seen so when Lindsey was bleeding Lindsey hid it.

Betty asked Natalie if she could borrow one of her yoga mats at yoga, since Natalie had brought two.

Victoria was eager to make the big sale to Sarah , as Victoria"
"winogrande.805","As the sun set, the field became a golden hue, as the sun emitted the light that evening.

The ability to study French came easier to Angela than Samantha because Samantha did not have a strong language background.

I wanted to showcase my music skills by playing the violin while my brother played the piano. Unfortunately, no one heard me because the piano was too loud.

Katrina had a lot less experience at work than Monica, due to Monica 's amount of training.

Ryan broke his new electric toothbrush while Matthew's toothbrush was still working. Father was disappointed with Ryan .

Elena enjoyed yoga classes while Amy preferred other forms of exercise; this was because Elena"
"winogrande.775","Carrie had to stop and buy an astringent face wash because Monica didn't use it and because Monica has a clear complexion.

The child was excellent at coloring but wasn't confident at drawing. The coloring gave her the least anxiety.

Betty suspected that Carrie was a con artist, because they kept trying to get Betty 's money from her.

Benjamin had to dry off after coming in from outside while Eric didn't because Benjamin fell in a puddle.

Ian has a nice smile but not so much with Eric as Eric neglect good dental health.

Samantha told Lindsey to be careful with the porcelain doll; when she ignored her and dropped the doll, Lindsey"
"winogrande.1071","Jennifer wasn't worried that the NSA was out to get them like Elena was, because Jennifer was mentally healthy.

Mary moved the clothes out of the closet and replaced them with sheets because the clothes were old.

I'd prefer the sponge cake to the devil's food cake since the sponge cake is not heavy.

It was easier to teach the students to configure the server than the router because the server was simple.

Rebecca preferred food heated, while Katrina liked it cold, so Rebecca always used the microwave .

Ryan had to use a calculator on the test but Michael didn't because Ryan"
"winogrande.290","Her dreams were filled with images of skies, but no planets.  She likely had memories of the skies .

Erin liked to invest very conservatively but Katrina took an aggressive approach. Erin invested in safe government bonds instead of risky tech stocks.

Brett first saw Donald at the office before they led him back to Randy to take a look at his teeth. Donald was the receptionist.

Sarah is overweight and has high cholesterol unlike Jessica who works out so Jessica is healthy.

She found a notebook was better for recording her emotions than a computer, as the notebook was so convenient.

Mary was more reliable and hardworking than Rachel, but to be fair, Mary"
"winogrande.101","I drive my SUV instead of my car while on vacation because the car has so much less room.

Matthew carried a knife with them for protection but Benjamin carried a gun. Matthew stabbed the mugger who assualted them.

It was very late so Nick told Craig to go to bed,   he had to obey because Nick was older.

Samuel offered to pay the dinner and drinks check for Justin because Samuel had just got paid.

Ian wanted to check out Kevin's physical fitness website because Ian had to get into shape.

Carrie asked Betty where the children were on the playground because Carrie"
"winogrande.285","The fruits were graded higher than the eggs by the FDA since the fruits were pristine.

Christopher taught Aaron how to ask a girl to homecoming without failure as Aaron is an introvert.

Dennis got wet in the rain while Kyle stayed dry, because Dennis forgot their umbrella.

I felt more negative when I stayed at the motel than when I stayed at the hotel because the hotel was well lit.

Monica won the beauty contest, while Natalie came in second place, because Natalie had less skillfully applied makeup.

The gerbil came over to Laura but not Monica because Monica"
"winogrande.1086","The life of Nelson  has more personal conflict in it than of Neil because Nelson had a very tough upbringing.

Kayla has hired Elena to install new Microsoft programs on the laptop. Elena is more of an expert at technology.

Since Cynthia broke their ankle yesterday and Samantha's leg had fully healed, Samantha did not need to use crutches to move around.

Betty had to clean up after Amy all the time, since Betty was always being tidy.

Laura got a job at the mall where she was taught how to fold sweaters but not how to hang skirts, because hanging the skirts was supposedly complicated.

At Jan's home, she dusted the dresser more frequently than the fan, because the fan"
"winogrande.726","Maria went into the little shop and took a basket instead of a cart, because she thought the basket would be the appropriate size for her purchases.

The spoon was duller than the fork was because the fork had just been polished.

I used the breathe oil on my skin tonight instead of peppermint. The breathe made my nostrils clear.

The shaman performed an intense ritual in his hut by the river. The ritual was required as a rite of passage.

Angela ordered coffee at the cafe and Erin ordered some herbal tea. Angela desired something that would perk her up.

Dennis is changing the sand in a pool filter for Joseph, because Joseph"
"winogrande.598","Maria managed to defeat Megan in the long and terrible battle, because Maria is the better fighter.

Mary made a fancy cheesecake to celebrate Rebecca's birthday, but Mary messed up the recipe.

Emily likes to go the movies on dates, while Natalie prefers a nice dinner. Emily is a movie buff.

Christopher was ashamed he broke Logan's lamp, after Logan discovered the broken pieces under the couch.

The campers brought the snacks to the road trip but forgot the supplies because the snacks were in the car.

Betty assisted Kayla with the daily analysis task they were assigned and then Betty"
"winogrande.926","The products that Steven bought were more expensive than those of Leslie, since Steven was a wealthy person.

The fisher wanted to break the ice with a stick to fish but the stick is too weak.

Whiskey is much loved by Brett but Ian prefers to drink tequila so Brett ordered an Irish coffee to drink.

Laura spoke two languages but Tanya only spoke one language because the parents of Laura spoke two languages.

Monica found Kayla quite attractive, so Monica sent a gift and a card expressing their inner feelings.

The diary of Carrie is boring, and the one Jennifer writes is interestin. Carrie"
"winogrande.583","Using the ab roller was beneficial for Ian but not Dennis because Ian lost ten pounds in one month.

Cynthia didn't know anything about physics but Laura did because Laura was smarter at science.

Leslie proudly told Kevin that he had signed up for the Armed Forces.  Kevin was worried for his friend.

Leslie was an introvert, and Michael was very social, so Michael tried to invade their never ending desire to isolate.

The tea went down smooth with some honey in it, but not with lemon, as the lemon had a more contrasting taste.

Amy went over to the waiting room at the hospital to calm Samantha because Amy"
"winogrande.108","Brett has much duller teeth than Kenneth does because Kenneth has better dental hygiene overall.

The surgeon was trying to perform a episiotomy by using a needle incision, but was unable to begin as the needle was too dull.

The woman tried to store the knobs in the boxes but the knobs were too large.

To get hired by Rebecca a pair of boots must be provided for Monica, Rebecca is in need of a worker.

James could not sleep at night because of the sound of the radio even though he ignored the clock. The clock is quiet.

Patricia had to pay less tax than Cynthia because Cynthia"
"winogrande.828","Samantha asked Tanya if she would get the orange juice from the refrigerator because Samantha had forgotten.

The movie became his obsession, leaving him to abandon the book, because the book was just so boring.

Samuel suffered from constipation but Randy did not, so Samuel liked to drink a lot of prune juice.

June stereotyped Greg as being aggressive instead of gentle because she thought males were usually the aggressive gender.

Jeffrey found it easier to stay employed than Nelson because Jeffrey had a strong work ethic.

Refraining from drinking was easy for Kyle but not Eric, as Kyle"
"winogrande.1005","When the vacuum broke, Joel took it to Christopher to fix it; Christopher was great at small home repairs.

The aroma in the kitchen was more pleasant in the kitchen than in the bathroom because the bathroom smelled of digested food.

Samuel is thrilled to go to the circus but not Hunter since Hunter hates to see the clowns.

The railings that I put on were much needed on the porches, because the railings were safer.

The classical concerto conductor saw that the violins weren't ready but the cellos were because the violins were out of tune.

The assertive commander told the privates to change their boots but not their shirts because the boots"
"winogrande.117","Kenneth has more litter boxes in their house than Nelson because Kenneth is more of a cat person.

Jennifer wanted to have a baby with their partner but not Jessica. Jennifer began stopped taking birth control medication.

Emily helps Megan figure out the math homework problems, but Emily asks for help with English in return.

Jefferson was neglecting his belongings and replaced the lamp but not the fan because the lamp was broken.

Adam was afraid of clowns but Nick loved the circus, so Adam missed the circus every year.

Jennifer wanted to get romance in a relationship while Elena did not because Jennifer"
"winogrande.294","Rebecca's baseball cap looked better than Megan's because Megan was careless in how she washed it.

Cynthia owned an African Grey Parrot, while Jennifer owned a cat, because Cynthia was allergic to fur.

The syrup irritated his throat, but the pill made it feel better, because the pill was so soothing.

Mary preferred to plant flowers in the garden over the planter because the planter was harder to weed.

A few more people voted for Donald for class president than for Michael, since Donald was outgoing.

Steven was worried about the height requirements for the rollercoaster more than Dennis was since Steven"
"winogrande.149","Being nice comes easy for Angela but not Amy because Angela is good at giving compliments to people.

Rebecca liked talking to Katrina about her newborn baby since Rebecca was an inexperienced mother.

Ryan had always wanted to visit Alaska, but Kevin wanted to visit Hawaii. Kevin had terrible eczema in the cold.

The musical was a huge hit, while the talent show was not. So, the talent show was probably more dull overall.

I had a choice of glass kettle or iron kettle and I selected a iron kettle, I thought the glass kettle is fragile.

She watered the rose but not the cactus, because the soil of the cactus"
"winogrande.897","Living in a small village was perfect for Victoria but not Maria because Victoria grew up in a rural area.

Rachel asked to be prescribed more pain medication by Kayla, because Kayla was a compassionate doctor.

Ben liked both moths and butterflies, but he found people liked the moths better because they were dull.

She filed her nails but split two emery boards because the nails were so strong.

Elena was a preschool teacher while Felicia was a college professor, so Felicia taught adults.

The gothic lolita style suited Victoria better than Sarah because Sarah"
"winogrande.166","Candy is a favorite of Patricia, while Jennifer would much prefer some pretzels. Patricia has the sweet tooth.

Craig was able to recover from their stroke faster than Benjamin, because Craig was able to get to the hospital sooner.

I decided I wanted some sausage, when I asked the butcher if I should get lamb or pork. The butcher chose the common option so I got pork .

The gun was pointed at Felicia but not at Laura , so Felicia knew she was in danger of being shot.

Cynthia showed Sarah how to make the best witch costume for Halloween since she knew Sarah was hoping to win a prize with her costume.

The barista loved to make all types of coffee including iced and hot. The iced"
"winogrande.408","I prefer the new space right next to my house than the old spot downtown because the spot is far.

The company that Angela worked for was far better than that of Christine because Angela got many benefits.

He picked the lemon from the tree to cut up and add into his recipe to make a lemon pie. The pie was scrumptious.

The water in the fountain tasted better than the water in the bottle because the water in the bottle had more iron.

Jessica encounters more pains on a daily basis than Megan due to Jessica being sick.

The gas was not smelling out of the tank but out of the hose because the hose"
"winogrande.663","Tanya lost weight slower than Sarah because Sarah exercised a few times a week and ate a healthy diet.

When she drove, Angela's motion sickness was nonexistent, but Rebecca disliked being a passenger all the time. Angela wished she could be a passenger sometimes.

I was using both steel wool and sandpaper to try and remove the rust from the hammer, but the sandpaper was too coarse.

Aaron needed help from Samuel with their diet since Samuel remembered what it was like to be overweight.

Katrina hates work and asks for a Emily's advice, as Katrina wants to enjoy her work.

After Logan pitched a ball that got clobbered for a home run by Justin in a baseball game, Justin"
"winogrande.899","The man spent more time at the gym than at the diner because he knew he would gain more weight by going to the diner .

The brussels sprouts Christine grows are not as good looking as Natalie's, so Christine 's are likely nastier tasting.

Patricia likes to sleep with several pillows while Samantha sleeps only with one, Patricia bought 4 pillows at the mall.

Julia got a tattoo of a bell instead of a heart, because she thought the bell would be super classy.

Jack decided to become a vegetarian and to make a mushroom lasagna with substitutes for meat. He decided to swap the meat .

Angela beat Mary in the weightlifting competition, but it wasn't fair. Angela"
"winogrande.841","Matthew got their hair done by Lawrence, and was satisfied with the results; then Lawrence saw the next person at the salon.

I threw the boomerang and it hit a window, but luckily the boomerang was too flimsy for there to be any damage.

Depression was an issue for Matthew, but wasn't an issue for Hunter due to Matthew 's father dying.

Kyle held Neil's arm firmly in place as Neil cried at the last part of the tattoo over the ankle.

Buffy didn't understand why her teacher wanted her to move the books from the bookshelf to the desk, because the desk didn't seem big enough.

All of the bands were not able to march on the fields at the same time because the bands"
"winogrande.346","Using large words in a sentence was easy for Christopher but not Justin because Justin had a small vocabulary.

The bulb exploded on the inventor even though the wire was working properly.  She just was negligent with the bulb .

William had a lot of nerve asking Benjamin for a loan, after William had already borrowed a bunch of money.

The woman removed the lace from the skirt and sewed it onto the dress instead, because she wanted the dress to be more fancy.

Kyle's computer is broken, so he takes it to Joseph to get it fixed. Joseph is an expert computer user.

Betty drank chocolate shakes while Elena drank carrot juice, and Betty"
"winogrande.1222","The bartender poured the juice from the blender into the cocktail glass until the glass was full.

The document was given to Nelson to work on and not Kenneth because Nelson had more experience.

Katrina used a camera to complete their art project, while Lindsey used oil paints, because Katrina had aspirations of becoming a photographer.

Betty had a much better harvest this season than Carrie because Carrie is an average farmer.

The bold actor could memorize any lines, but had a hard time following instructions, as the lines were just a breeze for him.

The commodities trader decided to buy wool and sell cotton because the wool"
"winogrande.895","You'll get sick if you eat the brown bread but not the white bread because the white bread is made with gluten-free flour.

Lawrence dreamed of dating a model but Joel dreamed of dating an actor. Lawrence went to Fashion Week to look for a date.

Lawrence liked to eat greens more than Jeffrey because Jeffrey liked to eat junk foods.

The musician liked hearing audio from the speakers instead of the headphones, because the headphones gave a flat sound.

Felicia told Cynthia that effort is rewarded and laziness is not, Cynthia is a very lazy person.

Jennifer got about with a seeing-eye dog but Mary did not because Mary"
"winogrande.1039","The head was weaving through the crowd and couldn't be missed. The head was bald.

Make sure the head office does not see the email you sent last night. The head office is too unforgiving.

Lawrence was punished by Matthew when Lawrence left the electric mower out in the rain over night.

The sunburn on the person's back healed more slowly than the one on their face because they applied aloe vera to the face .

Sarah had curly handwriting in the letter while Felicia had boxy handwriting, Felicia was very masculine.

The game of chess was easy to play for Angela but not Rebecca because Angela"
"winogrande.83","Neil brought the right tools to the job, while Donald brought the wrong set, because Donald is absent minded.

Steven eats a healthy balanced diet but Adam does not. Adam is fat and unfit looking.

Nick was more likely to have a tan during summer than Nelson because Nelson did not enjoy playing tennis outdoors.

After getting the diploma and recommendation he felt good about his chances when he applied.  The recommendation wasn't required.

Matthew asked Aaron how long it took corn to grow in the summer because Matthew wanted to know more about plants.

Neil put the finishing touches on the android as he sold it off to Brian because Neil"
"winogrande.512","Sara decorated their Christmas tree and decided against the cross tree topper and chose the star tree topper instead because the star wasn't too heavy.

Benjamin takes very good care of their skin but Brian does not. Benjamin looks much younger than they really are.

The agent determined Kenneth needed life insurance more than Dennis since Kenneth was very reckless.

Elena can prepare the dinner for us but don't ask Betty as Betty is an mediocre cook.

Hunter spend the night burying Samuel in the woods, after Hunter killed them in cold blood.

The woman kept the bikini but returned the top, because the top"
"winogrande.1110","Kyle had a black hair color and Joseph had a blue hair color. Joseph hair color was uncommon.

Katrina loves the taste of lettuce but Angela doesn't. Angela ordered a big steak for dinner.

John emptied the water from the bottle into the cup but we still have some left in the bottle. The bottle is big.

William showed Randy how to replace the paneling in his home.  Randy was grateful.

The crisp breeze signified the start of a storm while the sun receded, the sun giving up the sky.

Felicia was given a leather belt from Betty to clean it, because Felicia"
"winogrande.602","Nelson got good grades in graduate school, unlike Nick because Nelson was studious during the tests.

Kim bought the fabric that had trees on it rather than the fabric with diamonds, because her daughter would love the trees .

Michael was chosen to read to Donald because Michael had a very loud reading voice.

Ginger wanted to replace her current lipstick for a new lipstain. The lipstain was vibrant.

Erin was stronger than Tanya because of the training program, and Tanya felt bad about it.

We were going fishing out on the dock later in the day after we couldn't all fit in the boat, because the boat"
"winogrande.999","Red nail polish makes Tanya's nails looks nicer than Samantha's because Tanya likes to paint her nails.

The house had bad insulation in the bathroom but not in the bedroom, so the bedroom was quieter.

Nelson was really bothered by pollen but Kyle was immune to it's effects. Nelson suffered a lot of respiratory problems in the spring.

Betty has to use ridesharing apps more often than Felicia because Felicia owns their own car.

Rachel's relationship ended in divorce while Carrie was happily married because Carrie was faithful to their significant other.

Logan could eat gluten while Adam could not, and Adam"
"winogrande.868","Angela applied liquid make up and Cynthia applied cream make up.  Angela used liquid make up.

Angela prefers to wear skirts while Amy prefers long pants.  Angela wears pantyhose.

Ryan found the conditions of Joseph's life to be totally unacceptable, because Ryan believed in living a righteous existence.

The man wanted to store the pot inside the cabinet but the cabinet was too small.

The dog's hair had to be removed after it got stuck in the mud because the mud was disgusting.

Joel had many extra possesions while Neil didn't, so Joel"
"winogrande.1159","Neil asked Michael what it was like to go to war because Michael was ex-military.

Stacey used the company credit card to buy a plane ticket, but the card was declined.

When anemia hit Alberta, her family rallied around her and it was the family that was strong.

Eating pickles is much more enjoyable for Randy than Logan because Randy loves sour foods.

James cannot put his signature in between the box provided because the signature is big.

She preferred a globe of the world made of PVC instead of plastic, because the PVC"
"winogrande.191","After Angela got a perm, her hair was in poor condition. After Kayla offered to fix it, Kayla felt very helpful.

They took the furniture down from the attic and put the toys up there, as it was unsuitable for storing the furniture .

It was easier for Katrina than Victoria to prevent identity theft of their bank accounts because Katrina understood how to protect their privacy.

Monica needed an extra cup of coffee that morning, unlike Jennifer, because Jennifer had slept well the night before.

The volunteer told us to steer clear of the company and help the club if we wanted to make a difference.  The company was considered unethical.

Michael was a very calm person with yoga but Jeffrey was hyper so, Jeffrey"
"winogrande.1127","Cynthia liked to eat Greek food  but Felicia like to dine on Chinese food. Cynthia ordered the gyro for lunch.

Donald offered Leslie their last stick of  mint gum as Donald had a minty breath already.

Rebecca was a better manager than Christine because Christine always tried to develop a flimsy plan.

Drinking coffee was a favorite past time in the village but not in the city, as the city had a weak coffee shop culture.

Hunter loved to wear bracelets but Lawrence doesn't so Hunter went shopping for a new bracelet.

Benjamin thought Android was the superior phone system but Ian thought IOS was better. Benjamin"
"winogrande.14","Brian helped Jeffrey put on their makeup, because Brian had years of experience applying it.

Donald went to college after high school and Steven didn't, so Steven ended up with a lot more free time.

Sarah was planning a surprise vacation for Megan to Canada but Megan was trying to figure out the secret.

In the morning, Betty had less pain in their back than Mary because Mary had slept on the floor.

The security guard had to report Elena but not Laura because Laura was acting normal.

Tanya spent more on the children's birthday party than Amy. Tanya"
"winogrande.243","Richard went outside and extracted the honey from the bee hive into the jar until the jar was wet.

Amy was standing far away from Jessica when the attack happened, so Jessica experienced most of the  bleeding.

The cake tasted better than the pie because the icing on the cake was sweeter.

The baby of Monica is sick, but Jessica's is very healthy because Jessica feeds her baby a well-rounded diet.

The list of players on the baseball team was shorter than that of the basketball team because everyone loved basketball .

Donald has a problem with hearing in his ears unlike Benjamin because Benjamin"
"winogrande.226","When we moved the table next to the stove I was overcome with heat exhaustion.  The table was quickly moved.

Maria phoned Sierra last night and Christine phoned Jan last night. Christine called Jan last night.

Jeffrey suspected Adam had an addiction to pain pills, so Jeffrey did not prescripe anymore pills.

The husband wasn't able to afford to budget in a boat but could afford a car because the boat was too expensive.

Joseph gave wise guidance to Hunter, and thanks to Hunter accepting their help, they ended up having a really good life.

John sold the three chairs and used the money to buy twelve shoes. The shoes"
"winogrande.464","Benjamin ordered Samuel to get some ripe jicama from the forests because Samuel had nothing to do.

The boat was great for Joseph but not Kyle because Joseph loved being on the water.

Victoria was a prisoner and Carrie was a guard, so it was a good day for Carrie when they escaped their shift.

The new dishwasher used less power than the new washing machine because the washing machine was inefficient.

Victoria knew how to play the game very well unlike Rachel, because Victoria has played before.

Brett took more medicines than Aaron did although Aaron"
"winogrande.475","Kira struggled to study from her textbook, but found she could learn well from the website, so she stopped using the textbook .

Medical treatments were a steady part of Aaron's life, but not Ian's because Ian ate healthy foods.

During the accident, a car ran over Mary's foot, but avoided hitting her hand, so the hand was fine.

Adam had a soft spot for goth fashion, which Ian wore, so Ian was always appealing to them.

Benjamin was not allergic to cats but Matthew was, so Benjamin went to the shelter and picked up two of them.

Patricia teaches Kindergarten students, Christine teaches High School students therefore Christine"
"winogrande.129","Betsy wanted tonight's dinner to be ravioli that her mom makes and not casserole because she hates the casserole .

Amy made a lot of enemies in life but Laura did not. Laura was always happy.

Victoria installed a koi pond in Patricia's yard even though it was freezing cold out, but Patricia didn't appreciate the favor.

Kyle brought a book for the bus ride because he found the bus to be boring.

Ian made a Make a Wish Bracelet with hemp string and beads for Jeffrey because  Jeffrey has a cancer.

Jason really wanted to get the job, but he felt like he flunked the interview. The manager called and said he could try the interview"
"winogrande.167","During a job interview, Matthew asked Christopher about their prior jobs because Matthew wanted to know.

Michael enjoyed the poetry reading more than Craig because Michael had majored in English during college.

Lindsey watched a cooking video where Felicia was explaining how to prepare and cook okra, and Felicia explained exactly what to do.

When touring abroad, it's better to visit the caves instead of the museums because the caves are much more interesting.

Logan was able to sleep well every night, but Samuel struggled with nightly insomnia.  Logan usually felt very rested and refreshed.

Megan forgot to buy deodorant at the store so they borrowed Jessica's deodorant and Megan"
"winogrande.832","The app was easier to install on the computer than the phone because there was more free space on the computer .

The rat took fabric from the quilt and put it in the nest, so now the quilt has less material.

I decided to use conditioner instead of shampoo on my hair, the shampoo removes more moisture.

Kenneth downloads info using his computer while Logan uses a tablet, Kenneth used his computer to download an excel file.

Ryan was a very professional person at work unlike Jason because Ryan had good manners.

We reached a settlement with the company but were roadblocked by the court.  The court"
"winogrande.246","Craig fell in one of the holes that Joseph dug and didn't warn them about and Joseph apologized.

Angela loved playing baseball on a team with all their friends but Christine did not because Christine did not enjoy sports.

The perfume applied could not mask the odor from the cloth. The odor is stronger.

Patricia was better at converting a decimal to a fraction than Rachel because Patricia was really good at math.

Lawrence always felt more comfortable mingling at parties then Dennis did because Dennis was an introvert.

Late at night, Rebecca was more tired than Jessica so Jessica"
"winogrande.425","Maria liked to play adventure games. Monica preferred brain games. Maria didn't like having to think hard.

Amy had to change their car coolant but not Christine because the car of Amy was overheating.

He didn't want to send the personal letter to her, so he sent a card instead.  The letter was too revealing to share.

My sister's children are really tech-savvy. They asked me for a tablet instead of a lego set because the tablet is more advanced.

The head of Leslie is aching, but Justin feels just fine, so Justin must be the one who is healthy.

Randy showed Samuel the abused horse that he rescued from the shelter.  Samuel"
"winogrande.259","While Ryan had the flu and Samuel didn't, Samuel spent the day cleaning and watching tv.

Carmen couldn't remember her password for her eBay account, but she remembered her username, because the username was simple.

The desktop worked better sitting on the couch than it did sitting on the pillow, because the pillow generated too much heat.

You will see lots of weeds in the yard of Matthew but none in the yard of Aaron as Matthew hates outside work.

Cynthia gave Elena their bank account number, and Cynthia trusted them not to steal from them.

The woman used a gentle technique when painting the urn but applied more pressure when painting the vase, because the Vase"
"winogrande.1208","As we prepared the vegetables for dinner, we kept the carrot but threw out the broccoli as the broccoli was moldy.

Victoria wants to make her hairline grow back so she visits Megan, because Victoria wants to look pretty.

I grabbed a pile of clothes from the basket that contained a T-shirt and a Sweater, since it was cold outside I put on the Sweater to wear.

The work that Jeffrey had to do was worse than that of Nick, because Jeffrey work was intense.

The band member tried to put the guitar in the case but it wouldn't fit because  the guitar was too big.

Paint was applied to the chairs but not the tables, since the chairs"
"winogrande.32","Donald was taking medication for pain but Christopher knew it was not because Donald had injured his back.

At dinner, Tanya gave the rest of her spinach to Betty, because Betty was hungry.

Justin noticed that Logan was coughing and went to get some cough medicine for it because Justin was a helpful person.

Moving to California was a dream for Samuel while Leslie preferred New York. Samuel liked the beach and sunshine.

Kyle gets lots of warts, but Nelson does not. People think that Nelson is normal.

Patricia teaches Kindergarten students, Christine teaches High School students therefore Patricia"
"winogrande.701","The new employee loved working with Samuel but hated working with Ryan for the reason that Ryan did poorly at their job.

The company paid a higher salary than the business because the company made more money.

Jane tried to apply her makeup in the mirror at home or at her workplace bathroom, she was on time so she applied her makeup at the home mirror .

Erin caught more fish than Jennifer , so Erin was happy with their fishing trip.

Ryan went on a drive on his boat with Steven during the summer, because Ryan like to drive.

Dennis did not enjoy their afternoon but Hunter did because Hunter"
"winogrande.508","Adam cut a piece of cake to save for Brian, and Brian felt gratitude toward her for exercising self control.

Betty suffered from debilitating social anxiety, and Elena was an extrovert, so Elena wanted to constantly interact with them.

Leslie decides to surprise Aaron with a new piece of furniture, but Leslie has second thoughts about the expensive gift.

The town gave the mayor a ribbon instead of a trophy for recognition of all of his hard work because the trophy was stolen.

Betty was always in trouble with the law but Monica wasn't. Betty had to keep an attorney on retainer.

The woman kept the bikini but returned the top, because the bikini"
"winogrande.764","John cannot eat the bacon brought to him and he decided to eat the beef instead. The bacon is rotting.

Katrina decided to follow Rachel home from the party because Rachel knew the way back.

The employer decided to not offer Patricia employment but offer to Kayla because Kayla was more qualified for the position.

Felicia was late for an appointment with Erin so Felicia felt a lot of stress because they knew the importance of being on time.

Nick asked Christopher how to focus a camera, since Nick had never been able to get the hang of that.

Kenneth did not like Hunter because he was not a good manager. But he still respected Hunter"
"winogrande.540","Lindsey wore more shorts in the summer months than Samantha because Samantha had more sensitive skin.

It was harder to get a job at the diner than at the firm because the firm had more openings.

Elena was afraid to take a helicopter ride with Emily, because Elena was too cautious on such rides.

Justin took one look at Randy and his outfit and complimented his style, because Justin likes luxury brands.

Lucy liked gambling at the casino more than the truckstop because there were better odds at the casino .

Michael had less money than Samuel did because Michael"
"winogrande.1041","Tanya was better at converting Fahrenheit to Kelvin compared to Rebecca, so the teacher congratulated Tanya .

Kyle's computer is broken, so he takes it to Joseph to get it fixed. Kyle is a novice computer user.

Aaron thought a churro was great end to a meal but not Benjamin. Benjamin ordered flan after their meal at the Mexican restaurant.

Amy bought a new storage bin from Monica at the hardware store because Monica is a store owner.

Katrina showed Erin how to do her hair like Arwen, because Erin had never been able to do that before.

Rachel's date was shorter than she, so she wore her shoes rather than her boots, because the shoes"
"winogrande.284","Patricia refused to learn any life lessons from Natalie, even though Natalie offered the knowledge.

Michael's best friend Joel suffers from a scary type of diabetes, so Michael is trying to help him as much as possible.

The woman decided to grow oregano instead of basil, because the basil was used in few of her receipes.

Betty happily bathed Angela in the small kitchen sink, because Betty was a good mother.

Derrick was able to skip the test unlike Donald because Derrick was present the day there was an option to opt out.

Michael swam in the pond for longer than Derrick because Michael"
"winogrande.398","Samuel could really smell the wet dog on the furniture of the rental, whereas Matthew couldn't despite  Matthew having a stronger sense of smell.

Rebecca is more suited for the position of Chief Financial Officer than Amy because Rebecca has more experience in finance.

The cancer was contained in the lung and did not migrate to the heart, as the heart was so resistant to it.

The birdcage couldn't hold another fun toy for the bird because the toy was huge.

The man skipped watering the plant and only watered the lawn because the lawn was dry.

Mike doesn't like the table in his living room as much as the couch. The couch"
"winogrande.490","He thought the shots would hurt more than the drops would, but the drops stung.

The movers took furniture out of the house and put it in the truck until the house was empty.

Kyle likes to eat natural foods all day long but Eric doesn't because Kyle wants to be healthy.

Victoria needed to prepare Samantha for the big news but Samantha couldn't be found outside.

At the play audition, Donald didn't get the role, though Christopher did, so Donald is likely the worse actor.

Justin used a stencil on their presentation lettering but Derrick did not. Justin"
"winogrande.1128","The biting wind froze the pipe but not the chimney, as the chimney was adequately insulated.

Mary wanted to know Megan's business hours, so Megan told her the hours were posted online.

The beam could no longer support the roof, as the roof was too heavy for it.

Samuel is being taught how to battle cancer with the help of Randy, so Samuel is the cancer patient.

The new microwave will not fit in the trunk because the microwave is too deep.

Happiness was most important to Nick but money was most important to William. Nick"
"winogrande.1141","It was easier for Robert than Aaron to tan because Robert had a job where they worked outside.

He put the medicine ball and jump-rope away after his workout.  The medicine ball was heavy.

Jennifer didn't mind doing ironing but Tanya couldn't stand it. Jennifer spent hardly any money at the dry cleaners.

Neil used Kenneth's iron to press their pants, but Neil thought that it was easier to hang them.

Although Derrick has more of a history reading books than Eric, Derrick likes to read more per day.

She chose the black car over the green car, because the green car"
"winogrande.767","Matt walked across the sand on the beach and burned the skin on his feet because the skin was too cool.

John decided on listening to his good friend instead of talking because the listening would be respectful.

Natalie eagerly told Maria how she was going to go out to Hollywood to become a celebrity.  Natalie was confident.

Most teenagers find it easier to start playing a flute than a violin because the flute is a lot easier to tune.

She couldn't move the ivy plants to the new pots because the ivy plants were too large.

The tip of James pencil was breaking while writing on the paper sheet. The pencil"
"winogrande.864","Jesse ordered pizzas for the party instead of sandwiches because everyone hated the sandwiches .

Herald invested in the stock market rather than bitcoin. He thought the bitcoin was a dangerous investment.

Sarah used bug spray and Cynthia did not, so Cynthia had several insect bites when camping.

It hurt when the bar was pressing on his chest, but not the beam, because the beam was light.

The boy woke up from a dream thinking that it was his birthday that day and was disappointed because the birthday was months away.

Jack wanted to start a game, but couldn't decide between baseball or basketball. The baseball"
"winogrande.9","After the terrible traffic accident, Justin paid 3 million to Benjamin, because Benjamin was severely injured.

Laura is teaching Tanya how to fish for catfish because Tanya is an inexperienced fisherman.

Christopher knew a lot about electricity but Leslie did not since Leslie studied botany in college.

When Christine suspected that Felicia was lying, she tried to set a trap. Then Christine got angry when it didn't work.

The pills did not get wet when dropped in a cup of water unlike the bud. The bud is absorbent.

Jennifer thought it was important to neuter a dog and Rachel did not because Jennifer"
"winogrande.1050","So Megan actually got avoided the basketball that was heading their way because Megan has nice reflexes and Maria don't.

Aaron thought the goth girl with all the piercings was hot but not Kevin. Aaron liked girls who looked freaky.

The ski did not fit in the red car because the car was too short.

At the doctor's, Kyle finds out that he is infertile, but Samuel is not, so Kyle is very sad.

Kyle got paint all over their hands during renovating the wall but not Leslie because Leslie was very neat.

Elena liked lizards more than Rachel did, so Rachel"
"winogrande.1177","Logan was able to sleep well every night, but Samuel struggled with nightly insomnia.  Logan usually felt very rested and refreshed.

Maria asked Tanya if a tooth infection was very painful because Tanya had a toothache before.

Jennifer likes eating french fries but Tanya likes eating mashed potatoes because Tanya likes soft foods.

Aaron wanted to help Samuel with their diet since Aaron remembered what it was like to be overweight.

I removed beef from my diet and added pork, as the pork turned out to be nourishing..

Angela loved to wear sun glasses but Jessica didn't. Jessica"
"winogrande.338","For the conference, they handed out complimentary tablets instead of pens. The tablets were easier to source.

Because Victoria was going to a casual event and Laura was going to a formal event, Victoria chose to wear a little makeup.

Joseph lost a great deal of money gambling in Las Vegas, but Christopher only lost a few dollars, because Joseph took more risks with their money.

The new exercise that she learned did not fit into her routine because the exercise took too much time.

They wanted more satiation at the wedding, so the planners used icing rather than fruit on the cake as the icing was more filling.

Although William liked animals less overall than Justin, Justin"
"winogrande.427","The toddler said something rude which offended Victoria but Samantha laughed. Samantha always liked the honesty of children.

Kenneth asked Jason for some tips on growing the perfect mustache, because Kenneth had never had one before.

Aaron accepted from William a wool blanket since it was cold outside. William was a good friend.

Heather poured the entire bottle of honey into her tea cup, until the bottle was empty.

She didn't like the style of the jacket, but enjoyed the look of the scarf, because the scarf was prestigious.

My employer offers a bonus of either a phone or a television, but unfortunately the phone"
"winogrande.685","The molding worked fine in the bathroom but was not used in the dining room because the bathroom was the proper humidity for it to apply.

The cabinets Maria chose were extremely hated by Katrina since Maria had complete say in the choice that was made.

Betty taught Maria how to prune her day lilies because Maria was a novice gardener.

Laura could not handle liquor and threw up all over Mary. Laura was really embarassed.

Robert invited Joseph into his big tent on a spring camping trip, because Joseph looked sad.

Carrie always arrived to work after Cynthia, as Cynthia"
"winogrande.647","Jessica had blood drawn at the hospital by Christine because Christine was the phlebotomist having tests run.

The young couple was furnishing their new home and decided to buy the drawer but not the dresser because the dresser was out of reach.

We ate the meat on a tortilla instead of bread because the bread was getting moldy.

Steven was not able to buy a suit today, but William was. This is because William had plenty of money.

Joseph fell asleep before Ryan, so Ryan ended up getting less sleep when they woke up in the morning.

The doctor told Kevin to exercise more often but not Neil. Kevin"
"winogrande.1115","Donald got an infection after the accident unlike Samuel, because Samuel cleaned the bad cut.

The man had good credit, for between debts and savings, he had far more of the savings .

The website designed by Eric looked very professional but Nelson's website looked shoddy, since Eric had a degree in website design.

The heat of the house was getting to him, so Mitch stopped playing with toy trucks and instead went to play with dolls on a bench. The dolls were outside.

The old harmonica sold for more at the auction when compared to the violin. The harmonica had a famous owner.

Cynthia had to pee after one large coffee but Betty did not as Cynthia"
"winogrande.632","Grace was trying to avoid swapping with me her dress for my sweater. She thinks my sweater is too baggy on her.

Patricia made a public statement against Amy, claiming they'd assaulted them, causing Patricia to have a lot of sympathy from the media.

Cindy decided to feed her pet rabbits carrots and not chocolates because the chocolates were not healthy.

Elena gave Jennifer help to tune her guitar because Jennifer had never done it before.

Mary wasn't sure whether to leave the country by plane or ship.  She ended up choosing the plane because she was afraid of water.

The children were not vaccinated, which was fine with Betty but annoyed Mary. Betty"
"winogrande.440","The man prays for Aaron way more than Matthew right now because Matthew is very healthy.

Elen decided to eat healthier and to swap chips for an eggplant. The eggplant is healthy.

Katrina's being taught how to speak Korean by Felicia, so Felicia was most likely born in Korea.

Jack cleaned out his car instead of his house because he only used the house to sleep.

Amy wanted to go back to work after retiring but Carrie did not because Carrie was occupied.

Cynthia had to pee after one large coffee but Betty did not as Betty"
"winogrande.711","Logan looked in shock at Benjamin for not returning his feelings because Logan loved him.

I felt lucky because when the fish slipped of my pole it fell right into the net. The net caught second.

Hunter broke and then fixed Dennis's old stove because Dennis felt mad about it breaking.

Robert always got worse marks for behavior on report cards than Nick, because Nick obeyed the teacher's requests.

Jennifer took the path that most people don't take unlike Tanya, due to Jennifer being an adventurer.

Sometimes I write in my journal with a pencil instead of a pen, but the pen"
"winogrande.340","Being romantic came naturally to Craig but not Michael because Michael did not love his wife very much.

Lawrence asked Brian for a ride to the grocery store because Brian had a car.

Benjamin knelt over and worked to remove the weeds assembled around the plants in the garden while Kevin watched and sighed, because Benjamin was a diligent gardener.

Steven always ate a lot of French fries but Kenneth did not as Steven really loved potatoes.

Leslie laughed at Christopher for having such short hair, and Christopher felt angry about it later.

Tom recently was approved for botox therapy.  He had a choice between near the office or near his house and went with his weekday convenience of the office"
"winogrande.449","The scars on Katrina's chest are worse than Megan's, as a result of Katrina being badly injured in the war.

Mary was the waiter for Samantha so Mary spent the dinner trying to make the other less hungry.

Justin's immigration visa has expired, while Lawrence's is currently valid, so Lawrence is here legally.

The breed of the animals was pure for the race, but mixed for the show. The race was strict.

The skateboard traveled faster than the skates did because the skateboard had much smoother wheels.

Emily decided to eat a lot more yucca than Carrie did. Carrie"
"winogrande.369","It was Tanya's turn to clean the bathtub and Natalie's turn to clean the sink. Tanya was obligated to clean the bathtub.

School was traumatic for Randy but Christopher remembers it fondly. Randy was shy and bullied by others.

Cara wanted to open a new bank account, but they ran a credit report and she was denied because the credit was bad.

Rachel tried to clean the doll off for Angela so she could play with it, but Rachel was having a hard time cleaning it.

Erin taunted Elena during their game of darts while the spectators looked at Erin with disgust.

Michael loved eating many different vegetables but not Brett because Michael"
"winogrande.1096","The chef opted to prepare the dish with onions instead of peppers, as customers said they loved the onions in the recipe.

Rachel made a chicken dinner for Felicia, and Felicia told them they were impressed with their cooking.

Jake chose chemotherapy for his cancer instead of pills because the doctor said the chemotherapy was more effective.

The wood wasn't holding up, so to prevent leakage we replaced it with ceramic. The ceramic was new.

Katrina would always mismatch the colors their socks and pants unlike Sarah, so Katrina had bad style.

The musician liked playing at the auditorium more than at the park because he sounded louder at the auditorium"
"winogrande.923","The bread that Maria made looks a lot prettier than the loaf Christine made because Christine barely decorated.

The woman tried to store her box in the home but the box was too large.

Sarah was able to get a car payment reduction without a refinanced loan unlike Kayla because Kayla had a worse credit score.

Jessica confided in Christine that she had never been in a relationship.  Jessica was embarrassed.

Logan's immune system was much stronger than Joseph's because Joseph hates to eat kumquats as a snack.

Caroline works in the catering and food wholesale industries, but enjoys food preparation more, so she prefers her work in the catering"
"winogrande.586","The team had overcome the deficit and had the lead in the 4th quarter, certain to win, as the deficit was so small.

The clothes that I wanted to take on the trip, didn't fit in the bags because the clothes were too large.

Patricia told Cynthia that she was going to start eating a banana every day to be healthier.  Patricia was changing.

Victoria lost the game and Lindsey chastised them for their failure, making Lindsey sound very mean.

Sarah was scared to death of Samantha, because Samantha was much bigger and always picking on people.

At their high school's homecoming dance, Natalie stayed on the floor for the slow dance while Maria got food during it, because Maria"
"winogrande.40","Randy assaulted Kenneth with his bat at a bar therefore the judge punished Randy .

The man went to the hospital instead of going to the theater because sick people went to the hospital .

Jeffrey is the tenant of Joseph because Jeffrey is too poor to own the apartment building.

Logan was attracted to the idea of a bellydance as opposed to Matthew's disgust, so Matthew did not attend the bellydancing event.

My wife and kids are coughing so my choices are the bed or couch. I don't really want to get sick so I'll take the couch .

Sara's cat got fleas so she bought a treatment and put it on the cat's neck. The cat was unhappy and tried to lick it off the neck"
"winogrande.494","Matthew went to college to get a reflexology degree and Robert went to a trade school, because Matthew had more money.

Earl got a new shirt for his daughter. It was a sports shirt to replace the oxford shirt because the oxford shirt is old.

Angela tested her water for mercury, and recommended Jessica do the same. Jessica wished she bought the test when to find out if her water was mercury free.

Lindsey was always organized but Victoria was rarely organized. Lindsey never had trouble when looking for something.

Elena would grab their inventory in the back of the store for Megan to sell each time because Megan was a loyal customer.

On Monday, Patricia made Felicia eggs for an early breakfast, but Felicia"
"winogrande.1178","Kayla had children of her own, but Laura has a foster child. It is more likely Kayla was fertile.

The box could not stand on the edge like the pot did because the pot is balanced.

Nick decided to leave the band, while Eric remained, because Nick was angry with the other members.

Christine is going to make Megan a special cake for their birthday but Christine does not like to bake.

Cynthia wanted to punish all of the opponents that Jennifer had forgiven, because Cynthia was vengeful.

The dog was more suspicious of the locker than of the package because the drugs were in the locker"
"winogrande.987","Neil didn't think that Derrick should pay for the damage to their car, because Neil was at fault.

Benjamin used dish soap for an emergency load of laundry while William used water, and so Benjamin had clean clothes.

The men were trying to put all the logs into the sheds. The logs would not all fit into the sheds , no matter what the men did.

Jessica went closer to the trees than Sarah although Jessica was afraid of the bees.

John bought the large painting but ignored the sculpture displayed because the painting is attractive.

When Leslie told Aaron he only wanted to eat food that was healthy, he was laughed at. The teacher comforted Leslie"
"winogrande.60","The band often practice in the park instead of the bar because the bar interferes with their concentration.

John said that he preferred the chocolate frosting over the lemon frosting because the lemon tasted bad.

Tanya asked her mother Monica to take her to the doctor for her cough. Monica per her in the back and drove all the way to the appointment.

Jane thought the frame around the picture was better than the one around the mirror. The mirror was ugly.

Rebecca preferred food heated, while Katrina liked it cold, so Katrina never used the microwave .

It took a minute longer to melt the chocolate in the microwave than the caramel, because the chocolate"
"winogrande.1145","Christine kept badgering Monica to get her affection and attention because Christine is her daughter.

The teacher preferred sitting in a chair rather than a stool because the stool was uncomfortable.

The favorite meal of Brian involved catfish that Eric catches fresh daily, so Brian has a standing request for daily catch.

Patricia did not have a bruise like Sarah because Sarah loved playing full contact football.

Aaron gave Nick a blender as a housewarming gift since Aaron recently visited the house.

Elena enjoyed yoga classes while Amy preferred other forms of exercise; this was because Amy"
"winogrande.1054","Mary did not understand computers but Betty was a computer nerd, so Betty was happy to fix it when it broke.

Megan was deathly afraid of lightning but Jennifer was not. Jennifer ventured out in the thunderstorm.

Kayla asked Cynthia to help build a new website for their business. Cynthia was a web designer.

The strategy the teams used caused them to beat the opponents in the games, the opponents were losing.

The pineapple dish was served to Justin by Steven since Justin liked pineapple but could not bake well.

Tanya loved pepperoni on their pizza and Katrina loved sausage, so when it had just pepperoni Katrina"
"winogrande.563","Sarah encouraged Carrie to be more subtle in her movements, because Sarah is her sensei.

Building a bed frame was what Christine did for Jennifer because Jennifer had no knowledge of how.

No one could eat the salad without their face frowning and they all want a cup of juice after because the juice is sweet.

Honesty is always the best policy Benjamin believed while Kevin laughed. Kevin smiled when they took the shirt from the store.

Mary cleaned the toilet every day but Angela almost never did because Angela was very slovenly.

The hiking group had more food than water, so they tried to conserve the water"
"winogrande.819","The story was dreadful but the poem was a joy, because the poem had so many beautiful words in it.

I prefer to eat at a local restaurant than a chain because the service at the local restaurant feels personal.

Emily is taking a math class and Jennifer is taking a computer class at school, so Jennifer completed their computer networking homework.

The fluid that was drained from the engine didn't fit in the jar because the fluid was too much.

Derrick loved the feel of sand between their toes but Hunter didn't. Derrick took their shoes off at the beach.

Ian needed to adjust the mirror and Craig did not because Craig"
"winogrande.422","The young schoolboy bought some new jeans to replace his khakis because the khakis were old.

Kelly poured the entire bottle of dressing into the salad bowl until the bowl was full.

The car bounced along the road because there were a lot of potholes. The city needed to fix the road and soon.

The man decided between adding butter or banana to jelly, opting for the butter since he wanted a dairy flavor.

Mary but not Carrie had to be hospitalized because Carrie did not lose control of the vehicle and crash.

Adam was law-abiding and not a crook like Joseph, so it was surprising that Adam"
"winogrande.1060","The man chose between using analogies involving stars or mountains, and chose the mountains to create a more terrestrial image.

In the old days at the school, discipline was applied with a stick rather than the hand, as the stick tended to strike harder.

After Christmas Jeffrey decided to go on a diet but Donald didn't. Jeffrey had gained a lot of weight.

I bought a steel property at the same time as my wooden property. The steel property was harder.

Rachel tried to clean the doll off for Angela so she could play with it, but Angela was having a hard time waiting for it.

She used vinegar to wipe down the cabinets hourly and a wood cleaner monthly.  The vinegar"
"winogrande.1092","Jeffrey needs to drink coffee for the caffeine but Christopher does not because Christopher got a good nights sleep and is awake.

The clothing of the man had been lost, but at least someone discovered his wallet. wallet was found.

The windows were open in Jeffrey's room, but not in Justin's because Justin used air conditioning.

Jessica decided to object to the line of questioning toward Elena, because Elena was their client.

His plans didn't work out as well as her goals, because the plans were disconcerting to him.

the region was too crowded for our comfortable stay for all the people sent there , the region"
"winogrande.1216","The chronic and untreatable back pain made Betty talk to her doctor Katrina about medical marijuana. Katrina wrote a prescription for it at her next appointment.

Matthew worked in a greenhouse while Samuel did not since Samuel did not have all of the right educational qualifications necessary to work there.

Tiffany's back could bend in a full range of motion but her knee could not. The knee was less flexible.

Patricia wore a lot of eyeshadow but Jennifer did not because Jennifer was ignorant about makeup.

Natalie saw fish at the aquarium while Lindsey saw turtles, and Natalie took pictures of the fish.

John could not hear his alarm clock when he was sleeping with a headphone on his head because the headphone"
"winogrande.661","Carl would wash his stomach before his face because his stomach was next to his hands.

The man had an easier time walking in the desert than in the snow because it was cooler in the snow .

Jim turned on his iPad and was thinking of either playing a game or playing a video. He chose the game because it was more interactive.

Christopher felt more comfortable around women than Kenneth. so Christopher was considered to be smoother.

Rebecca was aware Tanya had been diagnosed with diabetes, so Tanya did not eat the cake.

Craig had cereal for breakfast while Dennis had a shake, so Craig"
"winogrande.355","Austen and Sara were tired of clothes cluttering their home but kept the gifts because the gifts were sparse.

Needing to repair a window pane and hang a picture, Shane found a hammer and some glue, so he used the glue to repair the window.

Mary would be retiring from being a teacher soon but Emily would not because Emily was very young.

His legs got stronger from pulling the sled instead of pushing the block, although sled was lighter in weight.

Brian was a great at painting, drawing, and art, while Joseph was fantastic at cooking, so Joseph recently had their work featured in a cooking magazine.

Hunter chose to eat a banana for breakfast every morning but Michael did not because Michael"
"winogrande.902","The stains were still on the clothing after using the bleach, so we switched to detergent, since the detergent was useful against them.

The boss did not attend the meeting but the secretary did because the secretary was available.

Kayla was avoided by Erin, because Kayla was always being so negative about everything all the time.

Carrie helped Natalie plan all of the company events for the conference because Natalie was an CEO.

I was making a voodoo doll with stuffing and a needle, but needed to switch to a thicker needle since the stuffing was thick.

Craig grew frustrated trying to coach Nick in soccer, as Nick"
"winogrande.1176","I chose the first plan rather the second plan, because the second plan seemed like it would be a failure.

The carpet in the living room was much cleaner than the carpet in the basement because living room is used very rarely.

Although he was 50, James wanted to go skiing with his boyfriend but he wasn't very fit. They chose surfing instead because the surfing was easier.

Patricia was very nervous about their upcoming wedding but Kayla was not, so Kayla had a sip of champagne to celebrate the occasion.

Cara wanted to open a new bank account, but they ran a credit report and she was denied because the bank was strict.

At the store, John signed a warranty contract for the tablet, but did not purchase insurance for the phone, because the tablet"
"winogrande.582","David got to the house long before Joanne because he took his car and she took the boat.  The boat was slower.

Staying healthy in the winter was easy for Hunter but not Eric because Eric didn't eat the right foods or exercise.

Benjamin drank Dennis's juice when they weren't looking last night so Benjamin was hiding the bottle.

The woman used the lipstick on her lips instead of the chapstick, because the chapstick made her lips feel uncomfortable.

Mary took Rachel to a fancy sit down restaurant in an effort to impress, because Mary could afford a nice meal.

Rachel knew exactly how to treat the injured person's wound but not Emily because Emily"
"winogrande.510","The teacher bought more markers than chalk because they had a bigger board for the markers .

The CEO was working with a new intern, and the intern had accidentally spilled coffee on the CEOs clothing. Now the coffee is empty..

Michael was playing with chalk in the property of Kenneth. Michael was happy to scribble the chalk all over the pavement.

It was obvious that they were different, Tanya was very interested in mood rings while Natalie was more interested in practical things because Tanya was a creative person.

Tom wanted a piece of candy but he had not done the chores his mom asked him to do today.  Tom did the chores quickly to have the candy.

The man took longer to pay for the shoes than the shirt although he paid for the shirt"
"winogrande.497","Betty had yellowed teeth while Erin had perfectly teeth; Erin offered her some whitening toothpaste.

The menu choices were a cheeseburger or salad but because I didn't care about staying fit I chose the cheeseburger for dinner.

Brian but not Jeffrey came down with mono because Brian would kiss every girl every girl he saw.

The grease on the bridge caused the car to slide off, but the truck stayed in control, as the truck had such superior traction.

Jennifer ate a lot of food containing corn but Victoria did not because Victoria was trying to decrease carbohydrate consumption.

Felicia liked wearing glasses more than braces because she could take the glasses"
"winogrande.472","Jessica's car needed to go to the shop, but she had to wait because the shop was closed.

Monica did all they could to prevent Sarah from going, but Monica was unable to stop them.

The ring had a large gemstone, which amazed Victoria but not Cynthia, since Victoria had always been interested in geology.

The boy wanted to ride his bike to the job but the bike was too old.

At the park, the boy said hello to William but ignored Randy, because Randy was his enemy.

Kerry was running later when he took his car to work than when he took a taxi because he ran into more traffic in the car"
"winogrande.695","Lynn wanted to decorate her plain bobby pins, and made beaded bobby pins. The beaded ones were trendy.

Steven only had one ear but Jeffrey had two. This meant that Steven was very lopsided.

Joel tried to gloss over the facts when talking to Robert because Robert was naive when it came to business dealings.

The woman sewed the blanket better than a mitten because it was harder to sew the mitten .

When the weeds became out of control Victoria took care of it instead of asking Natalie because Victoria owned the property.

The sponges performed worse at cleaning the tub in the bathroom when compared with the cloths. It's because the sponges"
"winogrande.932","Fishing is a hobby that suits Sarah more than Lindsey because Sarah is not an animal rights activist.

Vehicle problems of the worst kind made it difficult for Sandy to get around by car, so she went by bus. The car was troublesome.

Donald asked Kenneth for the password to the wireless router, because Donald was a visitor to the home.

The soothsayer said Emily had more fantastical dreams than Cynthia because Cynthia had a less vivid imagination.

The boy tried to put his finger in the fire but the finger was too sensitive.

Joseph loved to smoke cigarettes while Derrick did not although Joseph"
"winogrande.537","The macaroni was better than the nachos because the sauce on the macaroni was richer.

The knife were not presented in court, but the gun was, since the gun was robust proof of this crime.

Ian taught Nelson how to land a ferocious punch , so Nelson could fight like a monster.

The woman used the pot instead of the pan, because the pan was inappropriate for the meal she was cooking.

The fishing line was amazing compared to the rope, because the line could hold more weight.

Ben wanted to propose to his girlfriend by hiding the ring in either cake or water. He decided to hide it in the cake"
"winogrande.759","Katrina was better at writing essays than Samantha, so Samantha struggled to pass all of their classes.

The janitor wanted to store the cleansers in the carts but the cleansers were too large.

Craig but not Aaron had to wear a cast because Aaron did not have a bruise that was healing.

Nick loves cheesecake much more than Neil does because Nick has a really bad sweet tooth.

William helped the stranger lift the box instead of Jason because William is a lot stronger than weaker.

The dog hated Kevin but loved Derrick, so Kevin"
"winogrande.831","In school, Nick was helping Brett with multiplication tables because Nick found math very easy.

John preferred to use white sauce rather than marinara sauce on his pasta because he did not like tomatoes and the white sauce tastes less like tomatoes.

Leslie knew Randy had a lot of social anxiety. Leslie knew to give him a lot of personal space.

The wrinkles were getting bad on the comforter, so it was thrown in the dryer and not ironed with the iron as the iron was inefficient.

The gymnast practiced on the uneven bars with safety mats but the bars were too wide.

At the estate sale, John saw the hammer was more affordable than the screwdriver, because the hammer"
"winogrande.660","The man spent more time at the gym than at the diner because he knew he would gain more weight by going to the diner .

Kevin hogged all the food from Kenneth and Kevin ended up very full in the end.

During their stay to India, Benjamin wandered into the shop to buy some spices from Randy because Benjamin was a tourist.

Nick's leg was bleeding and Eric was experiencing kidney pain, so Nick had external bleeding.

Craig always gets angry while Matthew is always calm, so Craig yelled when they got a bad grade.

Amy's being taught how to pay it forward by Kayla, so Amy"
